{
  "version": "1.0",
  "global_settings": {
    "min_sol_balance": 0.05,
    "max_concurrent_positions": 5,
    "monitor_interval_sec": 5,
    "auto_execute": false
  },
  "targets": [
    {
      "symbol": "USDC",
      "mint": "EPjFWdd5AufqSSqeM2qN1xzybapC8G4wEGGkZwyTDt1v",
      "amount_sol": 0.01,
      "entry_price": 1.0,
      "stop_loss_percent": 2.0,
      "trailing_enabled": true,
      "trailing_distance_percent": 1.5,
      "trailing_activation_threshold": 10.0,
      "active": true
    }
  ]
}